parameter	mean	std	p16	p50	p84
alpha_DM	1.0000129474213963	0.018165592767715975	0.9820885770673066	0.9997014436625968	1.0186437864446864
alpha_DH	1.0002459797556416	0.027617479104418852	0.9732799548924866	0.9998489085721161	1.0276349429795197
chi2	1.9870671596484035	1.9870068995549999	0.34736303310436123	1.3779837728467887	3.668305196472247
