chain	chain_seed	steps	burnin	thin	accepted	acceptance_rate
1	249905884	20000	5000	10	15269	0.76345
2	1430227334	20000	5000	10	15327	0.76635
3	977257169	20000	5000	10	15302	0.7651
4	1855458236	20000	5000	10	15456	0.7728
