chain	step	alpha_DM	alpha_DH	log_prob	chi2	accepted_this_step
1	17550	1.0001225142640107	0.9999239925060978	-2.239030614011338e-05	4.478061228022676e-05	1
