case	n_scf0	signs	delta_min	delta_max	has_sign_change_over_scf0
A_native_rs	5	POS_H726_FAVORED	11.652380255542639	11.703181063994009	False
B_common_fixed_rs	5	NEG_H67_FAVORED	-835.8250884164611	-835.5961506698267	False
C1_global_alpha	5	POS_H726_FAVORED	8.233109486931859	8.236931277708628	False
C2_two_group_alpha_proxy	5	POS_H726_FAVORED	4.134779528733656	4.136485148417901	False
