target_id	H0	optimizer_success	optimizer_nfev	optimizer_nit	physical_started_count	physical_failure_count	best_omega_b	best_omega_cdm	best_chi2	best_loglike	best_rdrag_Mpc	adjacent_delta_chi2	boundary_hit	stop_triggered
H0_82_0	82.0	YES	42	22	42	0	0.03925144864366245	0.15999546614581303	10.278638735379117	-5.139319367689558	123.8357183784568	-0.00018976376531831818	NO	NO
H0_83_0	83.0	YES	39	20	39	0	0.04052628867135703	0.1636291261414864	10.278455884406755	-5.1392279422033775	122.34346156169266	-0.0001828509723615923	NO	NO
H0_84_0	84.0	YES	45	24	45	0	0.04179983518333493	0.16732252859113345	10.27827943558229	-5.139139717791145	120.88696955670693	-0.00017644882446532506	NO	NO
H0_85_0	85.0	YES	44	23	44	0	0.04307201070115475	0.17107768394599104	10.278109431417612	-5.139054715708806	119.46456771023102	-0.00017000416467816137	NO	NO
