key	value
seed_index	0
step_index	7198
walker_index	7
logprob_max	-0.000300402644827
H0	72.8903421166
omega_cdm	0.126947327967
dti_jump_amp	-0.0022393378643
dti_jump_z	3.5173077459
