parameter	mean	std	p16	p50	p84	min	max
H0	72.79264686	0.6545145214	72.12126564	72.83581549	73.4823564	69.6176546	73.99992124
omega_cdm	0.1270089494	0.005962099733	0.1210577221	0.1270202562	0.1329931187	0.1050286368	0.1449965471
dti_jump_amp	-0.002217056312	0.001504386123	-0.003714904087	-0.002217001042	-0.0007182693463	-0.008634460696	0.005888572926
dti_jump_z	3.546006386	1.207389831	2.315770107	3.524424689	4.763623921	0.5000898218	9.192901376
