parameter	mean	median	std	q16	q84	min	max
H0	72.20014243	72.19875609	0.3916573701	71.8068629	72.61582571	71.05362972	73
omega_cdm	0.1189720566	0.1190545783	0.00207640601	0.116844892	0.1210907728	0.1126888183	0.1242996401
dti_jump_amp	0.002999333647	0.00303876388	0.0007400553951	0.002286448759	0.003651311106	0.0005719914287	0.005213571077
dti_jump_z	2550.855551	2551.51425	150.0499738	2409.853376	2706.093746	2127.707115	2915.216665
