{
  "schema_version": "audit-dti-desi-dr2-v1",
  "generated_utc": "2026-07-19T04:28:08.190030+00:00",
  "status": "complete",
  "scientific_scope": {
    "dataset": "Official DESI DR2 BAO 13-element mean/covariance",
    "solver": "AxiCLASS/PyCLASS",
    "profile": "finite H0 x f_EDE grid; other cosmological parameters fixed",
    "claim_boundary": "regime-change diagnostic only; not a posterior, evidence ratio, Planck likelihood, or unique mechanism attribution"
  },
  "fixed_parameters": {
    "omega_b": 0.0244,
    "omega_cdm": 0.127,
    "n_s": 0.9847,
    "ln10_10_As": 3.058,
    "tau_reio": 0.0511,
    "z_c": 3500.0
  },
  "grid": {
    "H0": [
      63.0,
      63.25,
      63.5,
      63.75,
      64.0,
      64.25,
      64.5,
      64.75,
      65.0,
      65.25,
      65.5,
      65.75,
      66.0,
      66.25,
      66.5,
      66.75,
      67.0,
      67.25,
      67.5,
      67.75,
      68.0,
      68.25,
      68.5,
      68.75,
      69.0,
      69.25,
      69.5,
      69.75,
      70.0,
      70.25,
      70.5,
      70.75,
      71.0,
      71.25,
      71.5,
      71.75,
      72.0,
      72.25,
      72.5,
      72.75,
      73.0,
      73.25,
      73.5,
      73.75,
      74.0,
      74.25,
      74.5,
      74.75,
      75.0
    ],
    "f_EDE": [
      0.0,
      0.02,
      0.05,
      0.08,
      0.1,
      0.12,
      0.14,
      0.16
    ],
    "point_count": 392
  },
  "best_finite_grid_point": {
    "H0": 71.75,
    "f_EDE": 0.05,
    "chi2": 10.41477110062796,
    "boundary_H0": false,
    "boundary_f_EDE": false
  },
  "profile_rows": [
    {
      "H0": 63.0,
      "profile_chi2": 567.4856116314086,
      "delta_chi2": 557.0708405307806,
      "profile_f_EDE": 0.0,
      "f_EDE_achieved": null,
      "z_c_achieved": null,
      "r_drag_Mpc": 143.16215164945982,
      "Omega_m": 0.38145628621819094
    },
    {
      "H0": 63.25,
      "profile_chi2": 529.5218781005689,
      "delta_chi2": 519.1071069999409,
      "profile_f_EDE": 0.0,
      "f_EDE_achieved": null,
      "z_c_achieved": null,
      "r_drag_Mpc": 143.16215435276195,
      "Omega_m": 0.37844678092143297
    },
    {
      "H0": 63.5,
      "profile_chi2": 493.0467361840645,
      "delta_chi2": 482.63196508343657,
      "profile_f_EDE": 0.0,
      "f_EDE_achieved": null,
      "z_c_achieved": null,
      "r_drag_Mpc": 143.1621553834591,
      "Omega_m": 0.3754727509455019
    },
    {
      "H0": 63.75,
      "profile_chi2": 458.042816019349,
      "delta_chi2": 447.62804491872106,
      "profile_f_EDE": 0.0,
      "f_EDE_achieved": null,
      "z_c_achieved": null,
      "r_drag_Mpc": 143.1621552010527,
      "Omega_m": 0.37253364090734337
    },
    {
      "H0": 64.0,
      "profile_chi2": 424.49286007037745,
      "delta_chi2": 414.0780889697495,
      "profile_f_EDE": 0.0,
      "f_EDE_achieved": null,
      "z_c_achieved": null,
      "r_drag_Mpc": 143.16215525705374,
      "Omega_m": 0.36962890625
    },
    {
      "H0": 64.25,
      "profile_chi2": 392.37972290703783,
      "delta_chi2": 381.9649518064099,
      "profile_f_EDE": 0.0,
      "f_EDE_achieved": null,
      "z_c_achieved": null,
      "r_drag_Mpc": 143.1621581958018,
      "Omega_m": 0.3667580129903557
    },
    {
      "H0": 64.5,
      "profile_chi2": 361.6874012304925,
      "delta_chi2": 351.2726301298646,
      "profile_f_EDE": 0.0,
      "f_EDE_achieved": null,
      "z_c_achieved": null,
      "r_drag_Mpc": 143.16215689212044,
      "Omega_m": 0.3639204374737095
    },
    {
      "H0": 64.75,
      "profile_chi2": 332.3986964756188,
      "delta_chi2": 321.98392537499086,
      "profile_f_EDE": 0.0,
      "f_EDE_achieved": null,
      "z_c_achieved": null,
      "r_drag_Mpc": 143.16215869265392,
      "Omega_m": 0.3611156661349712
    },
    {
      "H0": 65.0,
      "profile_chi2": 304.49763737524125,
      "delta_chi2": 294.0828662746133,
      "profile_f_EDE": 0.0,
      "f_EDE_achieved": null,
      "z_c_achieved": null,
      "r_drag_Mpc": 143.16216006837368,
      "Omega_m": 0.3583431952662722
    },
    {
      "H0": 65.25,
      "profile_chi2": 277.968159302272,
      "delta_chi2": 267.55338820164405,
      "profile_f_EDE": 0.0,
      "f_EDE_achieved": null,
      "z_c_achieved": null,
      "r_drag_Mpc": 143.1621603161662,
      "Omega_m": 0.3556025307907988
    },
    {
      "H0": 65.5,
      "profile_chi2": 252.79435601603018,
      "delta_chi2": 242.37958491540223,
      "profile_f_EDE": 0.0,
      "f_EDE_achieved": null,
      "z_c_achieved": null,
      "r_drag_Mpc": 143.1621589958079,
      "Omega_m": 0.35289318804265485
    },
    {
      "H0": 65.75,
      "profile_chi2": 228.96019818042282,
      "delta_chi2": 218.54542707979488,
      "profile_f_EDE": 0.0,
      "f_EDE_achieved": null,
      "z_c_achieved": null,
      "r_drag_Mpc": 143.16215988103647,
      "Omega_m": 0.3502146915525742
    },
    {
      "H0": 66.0,
      "profile_chi2": 206.45019289940507,
      "delta_chi2": 196.03542179877712,
      "profile_f_EDE": 0.0,
      "f_EDE_achieved": null,
      "z_c_achieved": null,
      "r_drag_Mpc": 143.16216242646365,
      "Omega_m": 0.3475665748393021
    },
    {
      "H0": 66.25,
      "profile_chi2": 185.24926744345123,
      "delta_chi2": 174.8344963428233,
      "profile_f_EDE": 0.0,
      "f_EDE_achieved": null,
      "z_c_achieved": null,
      "r_drag_Mpc": 143.1621622105852,
      "Omega_m": 0.34494838020647917
    },
    {
      "H0": 66.5,
      "profile_chi2": 165.3420539189813,
      "delta_chi2": 154.92728281835332,
      "profile_f_EDE": 0.0,
      "f_EDE_achieved": null,
      "z_c_achieved": null,
      "r_drag_Mpc": 143.16216156296764,
      "Omega_m": 0.3423596585448584
    },
    {
      "H0": 66.75,
      "profile_chi2": 146.71342683930138,
      "delta_chi2": 136.2986557386734,
      "profile_f_EDE": 0.0,
      "f_EDE_achieved": null,
      "z_c_achieved": null,
      "r_drag_Mpc": 143.16216231467294,
      "Omega_m": 0.339799969139699
    },
    {
      "H0": 67.0,
      "profile_chi2": 129.34855353389918,
      "delta_chi2": 118.93378243327122,
      "profile_f_EDE": 0.0,
      "f_EDE_achieved": null,
      "z_c_achieved": null,
      "r_drag_Mpc": 143.1621645665194,
      "Omega_m": 0.33726887948318107
    },
    {
      "H0": 67.25,
      "profile_chi2": 113.23289548680603,
      "delta_chi2": 102.81812438617807,
      "profile_f_EDE": 0.0,
      "f_EDE_achieved": null,
      "z_c_achieved": null,
      "r_drag_Mpc": 143.16216591873373,
      "Omega_m": 0.3347659650916931
    },
    {
      "H0": 67.5,
      "profile_chi2": 98.35192251263099,
      "delta_chi2": 87.93715141200303,
      "profile_f_EDE": 0.0,
      "f_EDE_achieved": null,
      "z_c_achieved": null,
      "r_drag_Mpc": 143.162166793616,
      "Omega_m": 0.3322908093278463
    },
    {
      "H0": 67.75,
      "profile_chi2": 84.69132692460482,
      "delta_chi2": 74.27655582397686,
      "profile_f_EDE": 0.0,
      "f_EDE_achieved": null,
      "z_c_achieved": null,
      "r_drag_Mpc": 143.16216642198648,
      "Omega_m": 0.32984300322708027
    },
    {
      "H0": 68.0,
      "profile_chi2": 72.23682300744716,
      "delta_chi2": 61.8220519068192,
      "profile_f_EDE": 0.0,
      "f_EDE_achieved": null,
      "z_c_achieved": null,
      "r_drag_Mpc": 143.16216765999303,
      "Omega_m": 0.32742214532871966
    },
    {
      "H0": 68.25,
      "profile_chi2": 60.97451088399848,
      "delta_chi2": 50.55973978337052,
      "profile_f_EDE": 0.0,
      "f_EDE_achieved": null,
      "z_c_achieved": null,
      "r_drag_Mpc": 143.16216792658855,
      "Omega_m": 0.32502784151135805
    },
    {
      "H0": 68.5,
      "profile_chi2": 50.89048415549948,
      "delta_chi2": 40.47571305487152,
      "profile_f_EDE": 0.0,
      "f_EDE_achieved": null,
      "z_c_achieved": null,
      "r_drag_Mpc": 143.16216907020117,
      "Omega_m": 0.32265970483243644
    },
    {
      "H0": 68.75,
      "profile_chi2": 41.97113246796599,