fractional_H_step,z_transition,width,alpha_rmse,alpha_maximum_absolute_error,compressed_relative_rmse,compressed_maximum_absolute_relative_error,QSO_target_alpha_parallel,QSO_recovered_alpha_parallel,QSO_alpha_parallel_error,LYA_target_alpha_parallel,LYA_recovered_alpha_parallel,LYA_alpha_parallel_error
0.05,0.934,0.03,0.02362869255643952,0.056157009492994514,0.025373172742901583,0.05896485996762667,0.9523809523809523,0.9897519555134122,0.03737100313245989,0.9523809523809523,0.9716277931130718,0.019246840732119463
0.1,0.934,0.03,0.04334034352766902,0.1200814437604949,0.04928483189873962,0.13208958813646937,0.909090909090909,1.0088755759960215,0.09978466690511256,0.9090909090909091,0.9332393331168323,0.02414842402592321
0.2,0.934,0.03,0.040055782181208845,0.12206132042305129,0.04920049776059061,0.14647358450766157,0.8333333333333334,0.9553946537563847,0.12206132042305129,0.8333333333333334,0.8939802489782681,0.06064691564493474
